category,id,name,before_x,before_y,after_x,after_y,dx,dy,raw_at_marker,grade,evidence
gates,20000,정형,132,1005,132,1005,0,0,11,확인,raw11 중심 타일 대조
gates,20010,서평창,509,1366,509,1366,0,0,11,확인,raw11 중심 타일 대조
gates,20020,운중,128,902,125,899,-3,-3,10,확인,raw10 중심형태(15칸; 원래 좌표와의 거리 4.6)
gates,20030,축아,633,1365,633,1365,0,0,11,확인,raw11 중심 타일 대조
gates,20040,이석,149,703,148,705,-1,2,10,확인,raw10 중심형태(15칸; 원래 좌표와의 거리 2.7)
gates,20050,몽음,755,1326,755,1326,0,0,11,확인,raw11 중심 타일 대조
gates,20060,협석,1028,132,1028,132,0,0,11,확인,raw11 중심 타일 대조
gates,20070,하구,1374,500,1369,498,-5,-2,10,확인,raw10 중심형태(11칸; 원래 좌표와의 거리 5.4)
gates,20080,무현,914,124,914,124,0,0,11,확인,raw11 중심 타일 대조
gates,20090,환구,1408,624,1406,620,-2,-4,10,확인,raw10 중심형태(13칸; 원래 좌표와의 거리 4.0)
gates,20100,목란새,739,155,739,155,0,0,11,확인,raw11 중심 타일 대조
gates,20110,호림,1385,808,1385,808,0,0,10,확인,raw10 중심형태(17칸; 원래 좌표와의 거리 0.0)
gates,20120,단씨,497,794,497,794,0,0,11,확인,raw11 중심 타일 대조
gates,20130,연현,712,1007,712,1007,0,0,11,확인,raw11 중심 타일 대조
gates,20140,포판진,487,678,487,678,0,0,10,확인,raw10 중심형태(15칸; 원래 좌표와의 거리 0.5)
gates,20150,고성,818,1014,818,1014,0,0,11,확인,raw11 중심 타일 대조
gates,20160,피씨,264,603,257,605,-7,2,10,확인,raw10 중심형태(13칸; 원래 좌표와의 거리 7.3)
gates,20170,호육,910,1227,910,1227,0,0,11,확인,raw11 중심 타일 대조
gates,20180,석현,795,491,795,491,0,0,11,확인,raw11 중심 타일 대조
gates,20190,곤양,1012,690,1012,690,0,0,11,확인,raw11 중심 타일 대조
gates,20200,무관,686,465,686,465,0,0,11,확인,raw11 중심 타일 대조
gates,20210,송현,1031,846,1041,846,10,0,10,확인,raw10 중심형태(15칸; 원래 좌표와의 거리 10.0)
gates,20220,자오곡,594,294,594,294,0,0,11,확인,raw11 중심 타일 대조
gates,20230,무강구,1219,913,1219,913,0,0,11,확인,raw11 중심 타일 대조
gates,20240,누번,53,989,49,990,-4,1,10,확인,raw10 중심형태(11칸; 원래 좌표와의 거리 4.1)
gates,20250,동조양,523,1453,523,1453,0,0,10,확인,raw10 중심형태(11칸; 원래 좌표와의 거리 0.5)
gates,20260,강(羌)도,106,52,106,52,0,0,11,확인,raw11 중심 타일 대조
gates,20270,해릉,1419,1462,1417,1460,-2,-2,10,확인,raw10 중심형태(13칸; 원래 좌표와의 거리 3.2)
gates,20280,자귀,923,43,923,43,0,0,11,확인,raw11 중심 타일 대조
gates,20290,시상,1463,500,1463,500,0,0,11,확인,raw11 중심 타일 대조
gates,20300,풍릉도,544,683,549,683,5,0,10,확인,raw10 중심형태(13칸; 원래 좌표와의 거리 5.0)
gates,20310,산조,824,937,824,937,0,0,11,확인,raw11 중심 타일 대조
gates,20320,동관,681,544,681,544,0,0,11,확인,raw11 중심 타일 대조
gates,20330,부구,956,812,956,812,0,0,11,확인,raw11 중심 타일 대조
docks,1010,부두,225,1405,229,1405,4,0,10,확인,raw10 중심형태(5칸; 원래 좌표와의 거리 4.0)
docks,1020,부두,258,1399,261,1398,3,-1,10,확인,raw10 중심형태(5칸; 원래 좌표와의 거리 3.2)
docks,1030,부두,207,1442,208,1443,1,1,10,확인,raw10 중심형태(5칸; 원래 좌표와의 거리 1.8)
docks,1040,부두,269,1339,269,1341,0,2,10,확인,raw10 중심형태(5칸; 원래 좌표와의 거리 1.5)
docks,2010,부두,11,421,12,420,1,-1,10,확인,raw10 중심형태(7칸; 원래 좌표와의 거리 1.4)
docks,2020,부두,55,425,54,424,-1,-1,10,확인,raw10 중심형태(7칸; 원래 좌표와의 거리 1.4)
docks,2030,부두,141,353,141,352,0,-1,10,확인,raw10 중심형태(9칸; 원래 좌표와의 거리 1.5)
docks,2040,부두,138,330,137,328,-1,-2,10,확인,raw10 중심형태(7칸; 원래 좌표와의 거리 2.7)
docks,2050,부두,138,308,138,309,0,1,10,확인,raw10 중심형태(7칸; 원래 좌표와의 거리 1.5)
docks,2060,부두,131,292,131,294,0,2,10,확인,raw10 중심형태(7칸; 원래 좌표와의 거리 1.5)
docks,2070,부두,212,248,215,248,3,0,10,확인,raw10 중심형태(5칸; 원래 좌표와의 거리 3.0)
docks,3010,부두,706,1483,706,1482,0,-1,10,확인,raw10 중심형태(7칸; 원래 좌표와의 거리 1.0)
docks,3020,부두,777,1357,777,1357,0,0,10,확인,raw10 중심형태(5칸; 원래 좌표와의 거리 0.5)
docks,3030,부두,1176,1392,1177,1391,1,-1,10,확인,raw10 중심형태(9칸; 원래 좌표와의 거리 1.8)
docks,3040,부두,1183,1381,1185,1380,2,-1,10,확인,raw10 중심형태(7칸; 원래 좌표와의 거리 2.5)
docks,3050,부두,1149,1303,1147,1299,-2,-4,10,확인,raw10 중심형태(5칸; 원래 좌표와의 거리 4.9)
docks,4010,부두,1322,396,1321,397,-1,1,10,확인,raw10 중심형태(9칸; 원래 좌표와의 거리 1.4)
docks,4020,부두,1382,385,1383,385,1,0,10,확인,raw10 중심형태(5칸; 원래 좌표와의 거리 1.0)
docks,4030,부두,1431,400,1425,402,-6,2,10,확인,raw10 중심형태(7칸; 원래 좌표와의 거리 6.3)
docks,4040,부두,1483,391,1482,391,-1,0,10,확인,raw10 중심형태(5칸; 원래 좌표와의 거리 1.0)
docks,4050,부두,1304,33,1305,32,1,-1,10,확인,raw10 중심형태(5칸; 원래 좌표와의 거리 1.8)
docks,4060,부두,1458,184,1452,185,-6,1,10,확인,raw10 중심형태(5칸; 원래 좌표와의 거리 6.1)
docks,5010,부두,564,58,568,72,4,14,10,추정(거리 큼),raw10 중심형태(7칸; 원래 좌표와의 거리 15.0)
docks,5020,부두,555,19,555,19,0,0,10,확인,raw10 중심형태(7칸; 원래 좌표와의 거리 0.5)
docks,5030,부두,662,68,664,63,2,-5,10,확인,raw10 중심형태(7칸; 원래 좌표와의 거리 4.9)
docks,5040,부두,671,15,670,22,-1,7,10,확인,raw10 중심형태(7칸; 원래 좌표와의 거리 7.6)
docks,5050,부두,765,74,764,80,-1,6,10,확인,raw10 중심형태(5칸; 원래 좌표와의 거리 6.6)
docks,5060,부두,772,23,772,23,0,0,10,확인,raw10 중심형태(7칸; 원래 좌표와의 거리 0.5)
docks,6010,부두,1305,1007,1299,1009,-6,2,10,확인,raw10 중심형태(5칸; 원래 좌표와의 거리 6.3)
docks,6020,부두,1383,1001,1385,1001,2,0,10,확인,raw10 중심형태(5칸; 원래 좌표와의 거리 2.0)
docks,6030,부두,1399,1054,1398,1053,-1,-1,10,확인,raw10 중심형태(5칸; 원래 좌표와의 거리 1.4)
docks,6040,부두,1409,1064,1409,1065,0,1,10,확인,raw10 중심형태(5칸; 원래 좌표와의 거리 0.5)
docks,7010,부두,245,1290,247,1286,2,-4,10,확인,raw10 중심형태(7칸; 원래 좌표와의 거리 4.9)
docks,7020,부두,257,1260,257,1261,0,1,10,확인,raw10 중심형태(7칸; 원래 좌표와의 거리 0.5)
docks,7030,부두,274,1207,273,1207,-1,0,10,확인,raw10 중심형태(7칸; 원래 좌표와의 거리 1.0)
docks,7040,부두,262,1186,261,1188,-1,2,10,확인,raw10 중심형태(5칸; 원래 좌표와의 거리 1.8)
docks,7050,부두,566,1009,565,1009,-1,0,10,확인,raw10 중심형태(7칸; 원래 좌표와의 거리 1.1)
docks,7060,부두,568,1025,568,1028,0,3,10,확인,raw10 중심형태(7칸; 원래 좌표와의 거리 3.5)
docks,7070,부두,562,1112,563,1113,1,1,10,확인,raw10 중심형태(7칸; 원래 좌표와의 거리 1.4)
docks,7080,부두,571,1117,573,1118,2,1,10,확인,raw10 중심형태(9칸; 원래 좌표와의 거리 2.2)
docks,7090,부두,359,698,360,697,1,-1,10,확인,raw10 중심형태(3칸; 원래 좌표와의 거리 1.4)
docks,8010,부두,765,250,765,251,0,1,10,확인,raw10 중심형태(5칸; 원래 좌표와의 거리 0.5)
docks,8020,부두,770,269,769,269,-1,0,10,확인,raw10 중심형태(5칸; 원래 좌표와의 거리 1.1)
docks,8030,부두,789,330,789,331,0,1,10,확인,raw10 중심형태(5칸; 원래 좌표와의 거리 0.5)
docks,8040,부두,781,349,781,350,0,1,10,확인,raw10 중심형태(5칸; 원래 좌표와의 거리 0.5)
docks,8050,부두,975,321,973,319,-2,-2,10,확인,raw10 중심형태(5칸; 원래 좌표와의 거리 3.2)
docks,8060,부두,985,337,984,336,-1,-1,10,확인,raw10 중심형태(9칸; 원래 좌표와의 거리 1.1)
docks,8070,부두,1052,362,1052,362,0,0,10,확인,raw10 중심형태(7칸; 원래 좌표와의 거리 0.0)
docks,8080,부두,1069,357,1075,355,6,-2,10,확인,raw10 중심형태(5칸; 원래 좌표와의 거리 6.3)
docks,8090,부두,1154,736,1153,736,-1,0,10,확인,raw10 중심형태(7칸; 원래 좌표와의 거리 1.0)
docks,8100,부두,1172,734,1177,735,5,1,10,확인,raw10 중심형태(5칸; 원래 좌표와의 거리 5.1)
docks,8110,부두,1087,676,1083,677,-4,1,10,확인,raw10 중심형태(5칸; 원래 좌표와의 거리 4.1)
docks,8120,부두,1203,704,1203,704,0,0,24,미검증,시설 원본 패턴 미확인: 인근 raw10 패턴 없음
docks,9010,부두,611,975,611,975,0,0,10,확인,raw10 중심형태(9칸; 원래 좌표와의 거리 0.5)
docks,9020,부두,618,955,619,955,1,0,10,확인,raw10 중심형태(9칸; 원래 좌표와의 거리 1.1)
docks,9030,부두,639,733,638,732,-1,-1,10,확인,raw10 중심형태(7칸; 원래 좌표와의 거리 1.4)
docks,9060,부두,881,749,879,749,-2,0,10,확인,raw10 중심형태(5칸; 원래 좌표와의 거리 2.0)
docks,9070,부두,793,543,793,541,0,-2,10,확인,raw10 중심형태(7칸; 원래 좌표와의 거리 2.5)
docks,9080,부두,794,560,795,562,1,2,10,확인,raw10 중심형태(9칸; 원래 좌표와의 거리 1.8)
docks,9090,부두,623,901,623,902,0,1,10,확인,raw10 중심형태(11칸; 원래 좌표와의 거리 1.0)
docks,9100,부두,893,576,892,574,-1,-2,10,확인,raw10 중심형태(9칸; 원래 좌표와의 거리 2.2)
docks,10010,부두,267,371,272,371,5,0,10,확인,raw10 중심형태(5칸; 원래 좌표와의 거리 5.0)
docks,10040,부두,511,443,511,442,0,-1,10,확인,raw10 중심형태(5칸; 원래 좌표와의 거리 1.5)
docks,11010,부두,997,1091,999,1086,2,-5,10,확인,raw10 중심형태(7칸; 원래 좌표와의 거리 5.9)
docks,11040,부두,1248,1170,1248,1170,0,0,10,확인,raw10 중심형태(5칸; 원래 좌표와의 거리 0.0)
docks,11050,부두,1066,952,1066,950,0,-2,10,확인,raw10 중심형태(7칸; 원래 좌표와의 거리 1.5)
docks,11060,부두,1084,933,1084,933,0,0,10,확인,raw10 중심형태(11칸; 원래 좌표와의 거리 0.5)
bridges,bridge_001,선교,360,243,360,243,0,0,24,확인,raw24 중심 타일 대조
bridges,bridge_002,선교,807,295,807,295,0,0,24,확인,raw24 중심 타일 대조
bridges,bridge_003,선교,954,307,954,307,0,0,24,확인,raw24 중심 타일 대조
bridges,bridge_004,선교,1191,412,1191,412,0,0,24,확인,raw24 중심 타일 대조
bridges,bridge_005,선교,1169,416,1169,416,0,0,24,확인,raw24 중심 타일 대조
bridges,bridge_006,선교,1272,416,1272,416,0,0,24,확인,raw24 중심 타일 대조
bridges,bridge_007,선교,1231,418,1231,418,0,0,24,확인,raw24 중심 타일 대조
bridges,bridge_008,선교,425,518,425,518,0,0,24,확인,raw24 중심 타일 대조
bridges,bridge_009,선교,754,620,754,620,0,0,24,확인,raw24 중심 타일 대조
bridges,bridge_010,선교,1067,678,1067,678,0,0,24,확인,raw24 중심 타일 대조
bridges,bridge_011,선교,1204,705,1204,705,0,0,24,확인,raw24 중심 타일 대조
bridges,bridge_012,선교,775,813,775,813,0,0,24,확인,raw24 중심 타일 대조
bridges,bridge_013,선교,774,841,774,841,0,0,24,확인,raw24 중심 타일 대조
bridges,bridge_014,선교,1065,1010,1065,1010,0,0,24,확인,raw24 중심 타일 대조
bridges,bridge_015,선교,272,1055,272,1055,0,0,24,확인,raw24 중심 타일 대조
bridges,bridge_016,선교,260,1121,260,1121,0,0,24,확인,raw24 중심 타일 대조
bridges,bridge_017,선교,1178,1263,1178,1263,0,0,24,확인,raw24 중심 타일 대조
chokepoints,chokepoint_001,요충지,430,233,430,233,0,0,26,확인,raw26 중심 타일 대조
chokepoints,chokepoint_002,요충지,872,286,872,286,0,0,26,확인,raw26 중심 타일 대조
chokepoints,chokepoint_003,요충지,461,289,461,289,0,0,26,확인,raw26 중심 타일 대조
chokepoints,chokepoint_004,요충지,901,292,901,292,0,0,26,확인,raw26 중심 타일 대조
chokepoints,chokepoint_005,요충지,860,316,860,316,0,0,26,확인,raw26 중심 타일 대조
chokepoints,chokepoint_006,요충지,891,319,891,319,0,0,26,확인,raw26 중심 타일 대조
chokepoints,chokepoint_007,요충지,479,354,479,354,0,0,26,확인,raw26 중심 타일 대조
chokepoints,chokepoint_008,요충지,522,417,522,417,0,0,26,확인,raw26 중심 타일 대조
chokepoints,chokepoint_009,요충지,241,454,241,454,0,0,26,확인,raw26 중심 타일 대조
chokepoints,chokepoint_010,요충지,264,471,264,471,0,0,26,확인,raw26 중심 타일 대조
chokepoints,chokepoint_011,요충지,358,511,358,511,0,0,26,확인,raw26 중심 타일 대조
chokepoints,chokepoint_012,요충지,609,525,609,525,0,0,26,확인,raw26 중심 타일 대조
chokepoints,chokepoint_013,요충지,407,530,407,530,0,0,26,확인,raw26 중심 타일 대조
chokepoints,chokepoint_014,요충지,587,564,587,564,0,0,26,확인,raw26 중심 타일 대조
chokepoints,chokepoint_015,요충지,904,566,904,566,0,0,26,확인,raw26 중심 타일 대조
chokepoints,chokepoint_016,요충지,767,579,767,579,0,0,26,확인,raw26 중심 타일 대조
chokepoints,chokepoint_017,요충지,570,583,570,583,0,0,26,확인,raw26 중심 타일 대조
chokepoints,chokepoint_018,요충지,934,599,934,599,0,0,26,확인,raw26 중심 타일 대조
chokepoints,chokepoint_019,요충지,537,602,537,602,0,0,26,확인,raw26 중심 타일 대조
chokepoints,chokepoint_020,요충지,749,606,749,606,0,0,26,확인,raw26 중심 타일 대조
chokepoints,chokepoint_021,요충지,1211,610,1211,610,0,0,26,확인,raw26 중심 타일 대조
chokepoints,chokepoint_022,요충지,1187,616,1187,616,0,0,26,확인,raw26 중심 타일 대조
chokepoints,chokepoint_023,요충지,1214,637,1214,637,0,0,26,확인,raw26 중심 타일 대조
chokepoints,chokepoint_024,요충지,1182,648,1182,648,0,0,26,확인,raw26 중심 타일 대조
chokepoints,chokepoint_025,요충지,927,733,927,733,0,0,26,확인,raw26 중심 타일 대조
chokepoints,chokepoint_026,요충지,621,736,621,736,0,0,26,확인,raw26 중심 타일 대조
chokepoints,chokepoint_027,요충지,905,750,905,750,0,0,26,확인,raw26 중심 타일 대조
chokepoints,chokepoint_028,요충지,601,758,601,758,0,0,26,확인,raw26 중심 타일 대조
chokepoints,chokepoint_029,요충지,289,869,289,869,0,0,26,확인,raw26 중심 타일 대조
chokepoints,chokepoint_030,요충지,782,869,782,869,0,0,26,확인,raw26 중심 타일 대조
chokepoints,chokepoint_031,요충지,590,879,590,879,0,0,26,확인,raw26 중심 타일 대조
chokepoints,chokepoint_032,요충지,310,880,310,880,0,0,26,확인,raw26 중심 타일 대조
chokepoints,chokepoint_033,요충지,276,891,276,891,0,0,26,확인,raw26 중심 타일 대조
chokepoints,chokepoint_034,요충지,755,891,755,891,0,0,26,확인,raw26 중심 타일 대조
chokepoints,chokepoint_035,요충지,307,902,307,902,0,0,26,확인,raw26 중심 타일 대조
chokepoints,chokepoint_036,요충지,971,909,971,909,0,0,26,확인,raw26 중심 타일 대조
chokepoints,chokepoint_037,요충지,948,913,948,913,0,0,26,확인,raw26 중심 타일 대조
chokepoints,chokepoint_038,요충지,620,917,620,917,0,0,26,확인,raw26 중심 타일 대조
chokepoints,chokepoint_039,요충지,920,943,920,943,0,0,26,확인,raw26 중심 타일 대조
chokepoints,chokepoint_040,요충지,901,973,901,973,0,0,26,확인,raw26 중심 타일 대조
chokepoints,chokepoint_041,요충지,1085,997,1085,997,0,0,26,확인,raw26 중심 타일 대조
chokepoints,chokepoint_042,요충지,1155,1031,1155,1031,0,0,26,확인,raw26 중심 타일 대조
chokepoints,chokepoint_043,요충지,1244,1066,1244,1066,0,0,26,확인,raw26 중심 타일 대조
chokepoints,chokepoint_044,요충지,1261,1078,1261,1078,0,0,26,확인,raw26 중심 타일 대조
chokepoints,chokepoint_045,요충지,989,1116,989,1116,0,0,26,확인,raw26 중심 타일 대조
chokepoints,chokepoint_046,요충지,1018,1183,1018,1183,0,0,26,확인,raw26 중심 타일 대조
chokepoints,chokepoint_047,요충지,602,1187,602,1187,0,0,26,확인,raw26 중심 타일 대조
chokepoints,chokepoint_048,요충지,564,1195,564,1195,0,0,26,확인,raw26 중심 타일 대조
chokepoints,chokepoint_049,요충지,614,1209,614,1209,0,0,26,확인,raw26 중심 타일 대조
chokepoints,chokepoint_050,요충지,585,1219,585,1219,0,0,26,확인,raw26 중심 타일 대조
chokepoints,chokepoint_051,요충지,1053,1253,1053,1253,0,0,26,확인,raw26 중심 타일 대조
chokepoints,chokepoint_052,요충지,1070,1284,1070,1284,0,0,26,확인,raw26 중심 타일 대조
mountainPaths,mountain_path_001,산길,1115,233,1115,233,0,0,28,확인,raw28 중심 타일 대조
mountainPaths,mountain_path_002,산길,1047,264,1047,264,0,0,28,확인,raw28 중심 타일 대조
mountainPaths,mountain_path_003,산길,1110,265,1110,265,0,0,28,확인,raw28 중심 타일 대조
mountainPaths,mountain_path_004,산길,610,278,610,278,0,0,28,확인,raw28 중심 타일 대조
mountainPaths,mountain_path_005,산길,365,308,365,308,0,0,28,확인,raw28 중심 타일 대조
mountainPaths,mountain_path_006,산길,1098,317,1098,317,0,0,28,확인,raw28 중심 타일 대조
mountainPaths,mountain_path_007,산길,1092,336,1092,336,0,0,28,확인,raw28 중심 타일 대조
mountainPaths,mountain_path_008,산길,727,372,727,372,0,0,28,확인,raw28 중심 타일 대조
mountainPaths,mountain_path_009,산길,837,443,837,443,0,0,28,확인,raw28 중심 타일 대조
mountainPaths,mountain_path_010,산길,377,458,377,458,0,0,28,확인,raw28 중심 타일 대조
mountainPaths,mountain_path_011,산길,1235,468,1235,468,0,0,28,확인,raw28 중심 타일 대조
mountainPaths,mountain_path_012,산길,1009,497,1009,497,0,0,28,확인,raw28 중심 타일 대조
mountainPaths,mountain_path_013,산길,1206,545,1206,545,0,0,28,확인,raw28 중심 타일 대조
mountainPaths,mountain_path_014,산길,258,646,258,646,0,0,28,확인,raw28 중심 타일 대조
mountainPaths,mountain_path_015,산길,753,667,753,667,0,0,28,확인,raw28 중심 타일 대조
mountainPaths,mountain_path_016,산길,375,710,375,710,0,0,28,확인,raw28 중심 타일 대조
mountainPaths,mountain_path_017,산길,1138,805,1138,805,0,0,28,확인,raw28 중심 타일 대조
mountainPaths,mountain_path_018,산길,446,817,446,817,0,0,28,확인,raw28 중심 타일 대조
mountainPaths,mountain_path_019,산길,314,827,314,827,0,0,28,확인,raw28 중심 타일 대조
mountainPaths,mountain_path_020,산길,1234,896,1234,896,0,0,28,확인,raw28 중심 타일 대조
mountainPaths,mountain_path_021,산길,511,990,511,990,0,0,28,확인,raw28 중심 타일 대조
mountainPaths,mountain_path_022,산길,281,992,281,992,0,0,28,확인,raw28 중심 타일 대조
mountainPaths,mountain_path_023,산길,667,1053,667,1053,0,0,28,확인,raw28 중심 타일 대조
mountainPaths,mountain_path_024,산길,1115,1076,1115,1076,0,0,28,확인,raw28 중심 타일 대조
mountainPaths,mountain_path_025,산길,752,1092,752,1092,0,0,28,확인,raw28 중심 타일 대조
mountainPaths,mountain_path_026,산길,337,1096,337,1096,0,0,28,확인,raw28 중심 타일 대조
mountainPaths,mountain_path_027,산길,323,1102,323,1102,0,0,28,확인,raw28 중심 타일 대조
mountainPaths,mountain_path_028,산길,224,1135,224,1135,0,0,28,확인,raw28 중심 타일 대조
mountainPaths,mountain_path_029,산길,395,1157,395,1157,0,0,28,확인,raw28 중심 타일 대조
mountainPaths,mountain_path_030,산길,391,1173,391,1173,0,0,28,확인,raw28 중심 타일 대조
mountainPaths,mountain_path_031,산길,657,1185,657,1185,0,0,28,확인,raw28 중심 타일 대조
mountainPaths,mountain_path_032,산길,1137,1205,1137,1205,0,0,28,확인,raw28 중심 타일 대조
mountainPaths,mountain_path_033,산길,385,1227,385,1227,0,0,28,확인,raw28 중심 타일 대조
mountainPaths,mountain_path_034,산길,882,1236,882,1236,0,0,28,확인,raw28 중심 타일 대조
mountainPaths,mountain_path_035,산길,422,1237,422,1237,0,0,28,확인,raw28 중심 타일 대조
mountainPaths,mountain_path_036,산길,506,1245,506,1245,0,0,28,확인,raw28 중심 타일 대조
mountainPaths,mountain_path_037,산길,394,1280,394,1280,0,0,28,확인,raw28 중심 타일 대조
fortresses,40000030,성채,1316,574,1316,574,0,0,11,확인,raw11 중심 타일 대조
fortresses,40000040,성채,1322,574,1322,574,0,0,11,확인,raw11 중심 타일 대조
fortresses,40000050,성채,1323,585,1323,585,0,0,11,확인,raw11 중심 타일 대조
fortresses,40000070,성채,1303,582,1303,582,0,0,11,확인,raw11 중심 타일 대조
fortresses,40000080,성채,1301,587,1301,587,0,0,11,확인,raw11 중심 타일 대조
fortresses,40000090,성채,1305,637,1305,637,0,0,11,확인,raw11 중심 타일 대조
fortresses,40000100,성채,1307,642,1307,642,0,0,11,확인,raw11 중심 타일 대조
fortresses,40000120,성채,1326,649,1326,649,0,0,11,확인,raw11 중심 타일 대조
fortresses,40000140,성채,1325,662,1325,662,0,0,11,확인,raw11 중심 타일 대조
fortresses,40000150,성채,1312,659,1312,659,0,0,11,확인,raw11 중심 타일 대조
fortresses,40000160,성채,1313,666,1313,666,0,0,11,확인,raw11 중심 타일 대조
fortresses,40000170,성채,1308,707,1308,707,0,0,11,확인,raw11 중심 타일 대조
fortresses,40000180,성채,1314,709,1314,709,0,0,11,확인,raw11 중심 타일 대조
fortresses,40000190,성채,1311,691,1311,691,0,0,11,확인,raw11 중심 타일 대조
fortresses,40000210,성채,1328,703,1328,703,0,0,11,확인,raw11 중심 타일 대조
fortresses,40000220,성채,1334,705,1334,705,0,0,11,확인,raw11 중심 타일 대조
fortresses,40000230,성채,1326,717,1326,717,0,0,11,확인,raw11 중심 타일 대조
fortresses,40000260,성채,1292,518,1292,518,0,0,11,확인,raw11 중심 타일 대조
fortresses,40000280,성채,1279,533,1279,533,0,0,11,확인,raw11 중심 타일 대조
fortresses,40000310,성채,1267,525,1267,525,0,0,11,확인,raw11 중심 타일 대조
fortresses,40000320,성채,1261,525,1261,525,0,0,11,확인,raw11 중심 타일 대조
fortresses,40000350,성채,1198,546,1198,546,0,0,11,확인,raw11 중심 타일 대조
fortresses,40000370,성채,1217,606,1217,606,0,0,11,확인,raw11 중심 타일 대조
fortresses,40000390,성채,1209,617,1209,617,0,0,11,확인,raw11 중심 타일 대조
fortresses,40000400,성채,1203,620,1203,620,0,0,11,확인,raw11 중심 타일 대조
fortresses,40000410,성채,1235,734,1235,734,0,0,11,확인,raw11 중심 타일 대조
fortresses,40000420,성채,1236,728,1236,728,0,0,11,확인,raw11 중심 타일 대조
fortresses,40000430,성채,1240,716,1240,716,0,0,11,확인,raw11 중심 타일 대조
fortresses,40000450,성채,1214,734,1214,734,0,0,11,확인,raw11 중심 타일 대조
fortresses,40000470,성채,1218,717,1218,717,0,0,11,확인,raw11 중심 타일 대조
fortresses,40000480,성채,1220,712,1220,712,0,0,11,확인,raw11 중심 타일 대조
fortresses,40000490,성채,1217,703,1217,703,0,0,11,확인,raw11 중심 타일 대조
fortresses,40000510,성채,1195,706,1195,706,0,0,11,확인,raw11 중심 타일 대조
fortresses,40000520,성채,1189,705,1189,705,0,0,11,확인,raw11 중심 타일 대조
fortresses,40000530,성채,1201,630,1201,630,0,0,11,확인,raw11 중심 타일 대조
fortresses,40000550,성채,1219,635,1219,635,0,0,11,확인,raw11 중심 타일 대조
fortresses,40000580,성채,1291,800,1291,800,0,0,11,확인,raw11 중심 타일 대조
fortresses,40000590,성채,1285,817,1285,817,0,0,11,확인,raw11 중심 타일 대조
fortresses,40000620,성채,1311,788,1311,788,0,0,11,확인,raw11 중심 타일 대조
fortresses,40000630,성채,1309,802,1309,802,0,0,11,확인,raw11 중심 타일 대조
fortresses,40000650,성채,1226,844,1226,844,0,0,11,확인,raw11 중심 타일 대조
fortresses,40000660,성채,1231,848,1231,848,0,0,11,확인,raw11 중심 타일 대조
fortresses,40000670,성채,1243,855,1243,855,0,0,11,확인,raw11 중심 타일 대조
fortresses,40000680,성채,1248,858,1248,858,0,0,11,확인,raw11 중심 타일 대조
fortresses,40000690,성채,1222,890,1222,890,0,0,11,확인,raw11 중심 타일 대조
fortresses,40000700,성채,1227,894,1227,894,0,0,11,확인,raw11 중심 타일 대조
fortresses,40000710,성채,1240,893,1240,893,0,0,11,확인,raw11 중심 타일 대조
fortresses,40000720,성채,1246,894,1246,894,0,0,11,확인,raw11 중심 타일 대조
fortresses,40000730,성채,1176,720,1176,720,0,0,11,확인,raw11 중심 타일 대조
fortresses,40000750,성채,1177,743,1177,743,0,0,11,확인,raw11 중심 타일 대조
fortresses,40000760,성채,1177,749,1177,749,0,0,11,확인,raw11 중심 타일 대조
fortresses,40000770,성채,1159,748,1159,748,0,0,11,확인,raw11 중심 타일 대조
fortresses,40000800,성채,1143,726,1143,726,0,0,11,확인,raw11 중심 타일 대조
fortresses,40000810,성채,1192,638,1192,638,0,0,11,확인,raw11 중심 타일 대조
fortresses,40000830,성채,1175,646,1175,646,0,0,11,확인,raw11 중심 타일 대조
fortresses,40000840,성채,1169,648,1169,648,0,0,11,확인,raw11 중심 타일 대조
fortresses,40000870,성채,1147,797,1147,797,0,0,11,확인,raw11 중심 타일 대조
fortresses,40000910,성채,1139,827,1139,827,0,0,11,확인,raw11 중심 타일 대조
fortresses,40000950,성채,1143,823,1143,823,0,0,11,확인,raw11 중심 타일 대조
fortresses,40001030,성채,1240,465,1240,465,0,0,11,확인,raw11 중심 타일 대조
fortresses,40001070,성채,1271,423,1271,423,0,0,11,확인,raw11 중심 타일 대조
fortresses,40001080,성채,1273,428,1273,428,0,0,11,확인,raw11 중심 타일 대조
fortresses,40001090,성채,1182,539,1182,539,0,0,11,확인,raw11 중심 타일 대조
fortresses,40001110,성채,1185,521,1185,521,0,0,11,확인,raw11 중심 타일 대조
fortresses,40001120,성채,1188,516,1188,516,0,0,11,확인,raw11 중심 타일 대조
fortresses,40001130,성채,1172,510,1172,510,0,0,11,확인,raw11 중심 타일 대조
fortresses,40001140,성채,1175,517,1175,517,0,0,11,확인,raw11 중심 타일 대조
fortresses,40001150,성채,1174,530,1174,530,0,0,11,확인,raw11 중심 타일 대조
fortresses,40001160,성채,1170,534,1170,534,0,0,11,확인,raw11 중심 타일 대조
fortresses,40001170,성채,1128,456,1128,456,0,0,11,확인,raw11 중심 타일 대조
fortresses,40001180,성채,1124,452,1124,452,0,0,11,확인,raw11 중심 타일 대조
fortresses,40001190,성채,1118,440,1118,440,0,0,11,확인,raw11 중심 타일 대조
fortresses,40001220,성채,1128,417,1128,417,0,0,11,확인,raw11 중심 타일 대조
fortresses,40001230,성채,1139,425,1139,425,0,0,11,확인,raw11 중심 타일 대조
fortresses,40001240,성채,1143,429,1143,429,0,0,11,확인,raw11 중심 타일 대조
fortresses,40001270,성채,1168,422,1168,422,0,0,11,확인,raw11 중심 타일 대조
fortresses,40001280,성채,1169,428,1169,428,0,0,11,확인,raw11 중심 타일 대조
fortresses,40001290,성채,1182,398,1182,398,0,0,11,확인,raw11 중심 타일 대조
fortresses,40001310,성채,1189,417,1189,417,0,0,11,확인,raw11 중심 타일 대조
fortresses,40001320,성채,1188,423,1188,423,0,0,11,확인,raw11 중심 타일 대조
fortresses,40001340,성채,1236,411,1236,411,0,0,11,확인,raw11 중심 타일 대조
fortresses,40001350,성채,1225,423,1225,423,0,0,11,확인,raw11 중심 타일 대조
fortresses,40001360,성채,1222,426,1222,426,0,0,11,확인,raw11 중심 타일 대조
fortresses,40001390,성채,1179,615,1179,615,0,0,11,확인,raw11 중심 타일 대조
fortresses,40001400,성채,1173,618,1173,618,0,0,11,확인,raw11 중심 타일 대조
fortresses,40001420,성채,1107,623,1107,623,0,0,11,확인,raw11 중심 타일 대조
fortresses,40001430,성채,1119,612,1119,612,0,0,11,확인,raw11 중심 타일 대조
fortresses,40001460,성채,1100,590,1100,590,0,0,11,확인,raw11 중심 타일 대조
fortresses,40001470,성채,1114,595,1114,595,0,0,11,확인,raw11 중심 타일 대조
fortresses,40001480,성채,1120,596,1120,596,0,0,11,확인,raw11 중심 타일 대조
fortresses,40001500,성채,1112,557,1112,557,0,0,11,확인,raw11 중심 타일 대조
fortresses,40001510,성채,1113,572,1113,572,0,0,11,확인,raw11 중심 타일 대조
fortresses,40001520,성채,1116,576,1116,576,0,0,11,확인,raw11 중심 타일 대조
fortresses,40001540,성채,1137,532,1137,532,0,0,11,확인,raw11 중심 타일 대조
fortresses,40001550,성채,1143,543,1143,543,0,0,11,확인,raw11 중심 타일 대조
fortresses,40001560,성채,1146,547,1146,547,0,0,11,확인,raw11 중심 타일 대조
fortresses,40001570,성채,1031,562,1031,562,0,0,11,확인,raw11 중심 타일 대조
fortresses,40001600,성채,1040,584,1040,584,0,0,11,확인,raw11 중심 타일 대조
fortresses,40001610,성채,1045,560,1045,560,0,0,11,확인,raw11 중심 타일 대조
fortresses,40001640,성채,1056,581,1056,581,0,0,11,확인,raw11 중심 타일 대조
fortresses,40001650,성채,1057,668,1057,668,0,0,11,확인,raw11 중심 타일 대조
fortresses,40001660,성채,1062,670,1062,670,0,0,11,확인,raw11 중심 타일 대조
fortresses,40001670,성채,1069,687,1069,687,0,0,11,확인,raw11 중심 타일 대조
fortresses,40001680,성채,1071,692,1071,692,0,0,11,확인,raw11 중심 타일 대조
fortresses,40001700,성채,1082,669,1082,669,0,0,11,확인,raw11 중심 타일 대조
fortresses,40001710,성채,1085,684,1085,684,0,0,11,확인,raw11 중심 타일 대조
fortresses,40001720,성채,1085,690,1085,690,0,0,11,확인,raw11 중심 타일 대조
fortresses,40001740,성채,1112,457,1112,457,0,0,11,확인,raw11 중심 타일 대조
fortresses,40001750,성채,1123,466,1123,466,0,0,11,확인,raw11 중심 타일 대조
fortresses,40001760,성채,1128,470,1128,470,0,0,11,확인,raw11 중심 타일 대조
fortresses,40001780,성채,1088,471,1088,471,0,0,11,확인,raw11 중심 타일 대조
fortresses,40001820,성채,1075,480,1075,480,0,0,11,확인,raw11 중심 타일 대조
fortresses,40001830,성채,1079,491,1079,491,0,0,11,확인,raw11 중심 타일 대조
fortresses,40001840,성채,1081,497,1081,497,0,0,11,확인,raw11 중심 타일 대조
fortresses,40001850,성채,1022,496,1022,496,0,0,11,확인,raw11 중심 타일 대조
fortresses,40001860,성채,1025,502,1025,502,0,0,11,확인,raw11 중심 타일 대조
fortresses,40001880,성채,1030,522,1030,522,0,0,11,확인,raw11 중심 타일 대조
fortresses,40001890,성채,968,188,968,188,0,0,11,확인,raw11 중심 타일 대조
fortresses,40001930,성채,953,192,953,192,0,0,11,확인,raw11 중심 타일 대조
fortresses,40002050,성채,829,205,829,205,0,0,11,확인,raw11 중심 타일 대조
fortresses,40002090,성채,809,197,809,197,0,0,11,확인,raw11 중심 타일 대조
fortresses,40002100,성채,806,202,806,202,0,0,11,확인,raw11 중심 타일 대조
fortresses,40002130,성채,997,225,997,225,0,0,11,확인,raw11 중심 타일 대조
fortresses,40002140,성채,995,231,995,231,0,0,11,확인,raw11 중심 타일 대조
fortresses,40002150,성채,987,238,987,238,0,0,11,확인,raw11 중심 타일 대조
fortresses,40002160,성채,983,244,983,244,0,0,11,확인,raw11 중심 타일 대조
fortresses,40002180,성채,994,254,994,254,0,0,11,확인,raw11 중심 타일 대조
fortresses,40002190,성채,1002,242,1002,242,0,0,11,확인,raw11 중심 타일 대조
fortresses,40002210,성채,948,293,948,293,0,0,11,확인,raw11 중심 타일 대조
fortresses,40002220,성채,953,298,953,298,0,0,11,확인,raw11 중심 타일 대조
fortresses,40002230,성채,952,314,952,314,0,0,11,확인,raw11 중심 타일 대조
fortresses,40002260,성채,894,292,894,292,0,0,11,확인,raw11 중심 타일 대조
fortresses,40002270,성채,907,290,907,290,0,0,11,확인,raw11 중심 타일 대조
fortresses,40002280,성채,913,292,913,292,0,0,11,확인,raw11 중심 타일 대조
fortresses,40002290,성채,1038,251,1038,251,0,0,11,확인,raw11 중심 타일 대조
fortresses,40002300,성채,1044,253,1044,253,0,0,11,확인,raw11 중심 타일 대조
fortresses,40002320,성채,1047,277,1047,277,0,0,11,확인,raw11 중심 타일 대조
fortresses,40002330,성채,1101,232,1101,232,0,0,11,확인,raw11 중심 타일 대조
fortresses,40002350,성채,1123,230,1123,230,0,0,11,확인,raw11 중심 타일 대조
fortresses,40002360,성채,1129,232,1129,232,0,0,11,확인,raw11 중심 타일 대조
fortresses,40002370,성채,1100,272,1100,272,0,0,11,확인,raw11 중심 타일 대조
fortresses,40002390,성채,1116,258,1116,258,0,0,11,확인,raw11 중심 타일 대조
fortresses,40002430,성채,1157,272,1157,272,0,0,11,확인,raw11 중심 타일 대조
fortresses,40002450,성채,1162,288,1162,288,0,0,11,확인,raw11 중심 타일 대조
fortresses,40002470,성채,1172,272,1172,272,0,0,11,확인,raw11 중심 타일 대조
fortresses,40002480,성채,1178,270,1178,270,0,0,11,확인,raw11 중심 타일 대조
fortresses,40002490,성채,1240,265,1240,265,0,0,11,확인,raw11 중심 타일 대조
fortresses,40002510,성채,1257,274,1257,274,0,0,11,확인,raw11 중심 타일 대조
fortresses,40002520,성채,1263,278,1263,278,0,0,11,확인,raw11 중심 타일 대조
fortresses,40002530,성채,1278,226,1278,226,0,0,11,확인,raw11 중심 타일 대조
fortresses,40002540,성채,1282,231,1282,231,0,0,11,확인,raw11 중심 타일 대조
fortresses,40002570,성채,1208,340,1208,340,0,0,11,확인,raw11 중심 타일 대조
fortresses,40002580,성채,1215,340,1215,340,0,0,11,확인,raw11 중심 타일 대조
fortresses,40002600,성채,1234,329,1234,329,0,0,11,확인,raw11 중심 타일 대조
fortresses,40002610,성채,1235,343,1235,343,0,0,11,확인,raw11 중심 타일 대조
fortresses,40002620,성채,1230,347,1230,347,0,0,11,확인,raw11 중심 타일 대조
fortresses,40002640,성채,1214,361,1214,361,0,0,11,확인,raw11 중심 타일 대조
fortresses,40002660,성채,1084,332,1084,332,0,0,11,확인,raw11 중심 타일 대조
fortresses,40002670,성채,1098,336,1098,336,0,0,11,확인,raw11 중심 타일 대조
fortresses,40002710,성채,1103,316,1103,316,0,0,11,확인,raw11 중심 타일 대조
fortresses,40002750,성채,1066,349,1066,349,0,0,11,확인,raw11 중심 타일 대조
fortresses,40002790,성채,1054,370,1054,370,0,0,11,확인,raw11 중심 타일 대조
fortresses,40002830,성채,992,331,992,331,0,0,11,확인,raw11 중심 타일 대조
fortresses,40002840,성채,998,331,998,331,0,0,11,확인,raw11 중심 타일 대조
fortresses,40002850,성채,959,326,959,326,0,0,11,확인,raw11 중심 타일 대조
fortresses,40002870,성채,983,314,983,314,0,0,11,확인,raw11 중심 타일 대조
fortresses,40002890,성채,1038,376,1038,376,0,0,11,확인,raw11 중심 타일 대조
fortresses,40002910,성채,1049,393,1049,393,0,0,11,확인,raw11 중심 타일 대조
fortresses,40002930,성채,1020,406,1020,406,0,0,11,확인,raw11 중심 타일 대조
fortresses,40002950,성채,1039,415,1039,415,0,0,11,확인,raw11 중심 타일 대조
fortresses,40002960,성채,1045,419,1045,419,0,0,11,확인,raw11 중심 타일 대조
fortresses,40002970,성채,1008,422,1008,422,0,0,11,확인,raw11 중심 타일 대조
fortresses,40002990,성채,1028,430,1028,430,0,0,11,확인,raw11 중심 타일 대조
fortresses,40003000,성채,1033,435,1033,435,0,0,11,확인,raw11 중심 타일 대조
fortresses,40003010,성채,980,468,980,468,0,0,11,확인,raw11 중심 타일 대조
fortresses,40003030,성채,998,478,998,478,0,0,11,확인,raw11 중심 타일 대조
fortresses,40003040,성채,1003,482,1003,482,0,0,11,확인,raw11 중심 타일 대조
fortresses,40003050,성채,913,448,913,448,0,0,11,확인,raw11 중심 타일 대조
fortresses,40003070,성채,933,451,933,451,0,0,11,확인,raw11 중심 타일 대조
fortresses,40003080,성채,938,454,938,454,0,0,11,확인,raw11 중심 타일 대조
fortresses,40003090,성채,916,432,916,432,0,0,11,확인,raw11 중심 타일 대조
fortresses,40003100,성채,921,437,921,437,0,0,11,확인,raw11 중심 타일 대조
fortresses,40003130,성채,932,377,932,377,0,0,11,확인,raw11 중심 타일 대조
fortresses,40003140,성채,938,376,938,376,0,0,11,확인,raw11 중심 타일 대조
fortresses,40003170,성채,945,360,945,360,0,0,11,확인,raw11 중심 타일 대조
fortresses,40003180,성채,951,363,951,363,0,0,11,확인,raw11 중심 타일 대조
fortresses,40003210,성채,879,310,879,310,0,0,11,확인,raw11 중심 타일 대조
fortresses,40003220,성채,882,315,882,315,0,0,11,확인,raw11 중심 타일 대조
fortresses,40003250,성채,887,390,887,390,0,0,11,확인,raw11 중심 타일 대조
fortresses,40003290,성채,913,404,913,404,0,0,11,확인,raw11 중심 타일 대조
fortresses,40003330,성채,821,419,821,419,0,0,11,확인,raw11 중심 타일 대조
fortresses,40003370,성채,825,436,825,436,0,0,11,확인,raw11 중심 타일 대조
fortresses,40003410,성채,874,295,874,295,0,0,11,확인,raw11 중심 타일 대조
fortresses,40003450,성채,807,281,807,281,0,0,11,확인,raw11 중심 타일 대조
fortresses,40003460,성채,806,286,806,286,0,0,11,확인,raw11 중심 타일 대조
fortresses,40003490,성채,756,272,756,272,0,0,11,확인,raw11 중심 타일 대조
fortresses,40003500,성채,762,270,762,270,0,0,11,확인,raw11 중심 타일 대조
fortresses,40003510,성채,778,268,778,268,0,0,11,확인,raw11 중심 타일 대조
fortresses,40003530,성채,751,252,751,252,0,0,11,확인,raw11 중심 타일 대조
fortresses,40003540,성채,757,253,757,253,0,0,11,확인,raw11 중심 타일 대조
fortresses,40003550,성채,774,253,774,253,0,0,11,확인,raw11 중심 타일 대조
fortresses,40003570,성채,870,306,870,306,0,0,11,확인,raw11 중심 타일 대조
fortresses,40003610,성채,803,337,803,337,0,0,11,확인,raw11 중심 타일 대조
fortresses,40003640,성채,779,320,779,320,0,0,11,확인,raw11 중심 타일 대조
fortresses,40003650,성채,770,338,770,338,0,0,11,확인,raw11 중심 타일 대조
fortresses,40003670,성채,787,355,787,355,0,0,11,확인,raw11 중심 타일 대조
fortresses,40003680,성채,788,361,788,361,0,0,11,확인,raw11 중심 타일 대조
fortresses,40003690,성채,723,344,723,344,0,0,11,확인,raw11 중심 타일 대조
fortresses,40003720,성채,705,363,705,363,0,0,11,확인,raw11 중심 타일 대조
fortresses,40003790,성채,671,214,671,214,0,0,11,확인,raw11 중심 타일 대조
fortresses,40003810,성채,658,230,658,230,0,0,11,확인,raw11 중심 타일 대조
fortresses,40003830,성채,673,226,673,226,0,0,11,확인,raw11 중심 타일 대조
fortresses,40003850,성채,669,272,669,272,0,0,11,확인,raw11 중심 타일 대조
fortresses,40003870,성채,654,258,654,258,0,0,11,확인,raw11 중심 타일 대조
fortresses,40003890,성채,599,268,599,268,0,0,11,확인,raw11 중심 타일 대조
fortresses,40003910,성채,614,281,614,281,0,0,11,확인,raw11 중심 타일 대조
fortresses,40003970,성채,676,471,676,471,0,0,11,확인,raw11 중심 타일 대조
fortresses,40003990,성채,696,470,696,470,0,0,11,확인,raw11 중심 타일 대조
fortresses,40004010,성채,785,495,785,495,0,0,11,확인,raw11 중심 타일 대조
fortresses,40004030,성채,805,495,805,495,0,0,11,확인,raw11 중심 타일 대조
fortresses,40004050,성채,1002,694,1002,694,0,0,11,확인,raw11 중심 타일 대조
fortresses,40004070,성채,1022,686,1022,686,0,0,11,확인,raw11 중심 타일 대조
fortresses,40004090,성채,1036,828,1036,828,0,0,11,확인,raw11 중심 타일 대조
fortresses,40004150,성채,1229,909,1229,909,0,0,11,확인,raw11 중심 타일 대조
fortresses,40004160,성채,1229,918,1229,918,0,0,11,확인,raw11 중심 타일 대조
fortresses,40004190,성채,210,932,210,932,0,0,11,확인,raw11 중심 타일 대조
fortresses,40004200,성채,215,937,215,937,0,0,11,확인,raw11 중심 타일 대조
fortresses,40004230,성채,204,913,204,913,0,0,11,확인,raw11 중심 타일 대조
fortresses,40004240,성채,202,907,202,907,0,0,11,확인,raw11 중심 타일 대조
fortresses,40004270,성채,207,849,207,849,0,0,11,확인,raw11 중심 타일 대조
fortresses,40004280,성채,213,852,213,852,0,0,11,확인,raw11 중심 타일 대조
fortresses,40004290,성채,189,849,189,849,0,0,11,확인,raw11 중심 타일 대조
fortresses,40004310,성채,208,838,208,838,0,0,11,확인,raw11 중심 타일 대조
fortresses,40004330,성채,199,796,199,796,0,0,11,확인,raw11 중심 타일 대조
fortresses,40004350,성채,217,803,217,803,0,0,11,확인,raw11 중심 타일 대조
fortresses,40004370,성채,205,778,205,778,0,0,11,확인,raw11 중심 타일 대조
fortresses,40004390,성채,220,790,220,790,0,0,11,확인,raw11 중심 타일 대조
fortresses,40004400,성채,226,788,226,788,0,0,11,확인,raw11 중심 타일 대조
fortresses,40004430,성채,277,782,277,782,0,0,11,확인,raw11 중심 타일 대조
fortresses,40004440,성채,276,787,276,787,0,0,11,확인,raw11 중심 타일 대조
fortresses,40004450,성채,291,760,291,760,0,0,11,확인,raw11 중심 타일 대조
fortresses,40004460,성채,290,766,290,766,0,0,11,확인,raw11 중심 타일 대조
fortresses,40004470,성채,289,779,289,779,0,0,11,확인,raw11 중심 타일 대조
fortresses,40004480,성채,294,783,294,783,0,0,11,확인,raw11 중심 타일 대조
fortresses,40004490,성채,300,820,300,820,0,0,11,확인,raw11 중심 타일 대조
fortresses,40004500,성채,306,823,306,823,0,0,11,확인,raw11 중심 타일 대조
fortresses,40004510,성채,321,829,321,829,0,0,11,확인,raw11 중심 타일 대조
fortresses,40004530,성채,280,863,280,863,0,0,11,확인,raw11 중심 타일 대조
fortresses,40004540,성채,286,862,286,862,0,0,11,확인,raw11 중심 타일 대조
fortresses,40004550,성채,287,874,287,874,0,0,11,확인,raw11 중심 타일 대조
fortresses,40004560,성채,289,879,289,879,0,0,11,확인,raw11 중심 타일 대조
fortresses,40004570,성채,189,700,189,700,0,0,11,확인,raw11 중심 타일 대조
fortresses,40004590,성채,198,715,198,715,0,0,11,확인,raw11 중심 타일 대조
fortresses,40004600,성채,201,720,201,720,0,0,11,확인,raw11 중심 타일 대조
fortresses,40004630,성채,210,710,210,710,0,0,11,확인,raw11 중심 타일 대조
fortresses,40004700,성채,254,991,254,991,0,0,11,확인,raw11 중심 타일 대조
fortresses,40004710,성채,249,1001,249,1001,0,0,11,확인,raw11 중심 타일 대조
fortresses,40004720,성채,246,1006,246,1006,0,0,11,확인,raw11 중심 타일 대조
fortresses,40004740,성채,235,995,235,995,0,0,11,확인,raw11 중심 타일 대조
fortresses,40004750,성채,244,987,244,987,0,0,11,확인,raw11 중심 타일 대조
fortresses,40004760,성채,245,982,245,982,0,0,11,확인,raw11 중심 타일 대조
fortresses,40004780,성채,270,892,270,892,0,0,11,확인,raw11 중심 타일 대조
fortresses,40004790,성채,281,889,281,889,0,0,11,확인,raw11 중심 타일 대조
fortresses,40004800,성채,287,886,287,886,0,0,11,확인,raw11 중심 타일 대조
fortresses,40004830,성채,313,878,313,878,0,0,11,확인,raw11 중심 타일 대조
fortresses,40004900,성채,353,798,353,798,0,0,11,확인,raw11 중심 타일 대조
fortresses,40004920,성채,367,810,367,810,0,0,11,확인,raw11 중심 타일 대조
fortresses,40004930,성채,300,891,300,891,0,0,11,확인,raw11 중심 타일 대조
fortresses,40004940,성채,306,894,306,894,0,0,11,확인,raw11 중심 타일 대조
fortresses,40004950,성채,307,907,307,907,0,0,11,확인,raw11 중심 타일 대조
fortresses,40004960,성채,310,912,310,912,0,0,11,확인,raw11 중심 타일 대조
fortresses,40004970,성채,407,901,407,901,0,0,11,확인,raw11 중심 타일 대조
fortresses,40004980,성채,403,906,403,906,0,0,11,확인,raw11 중심 타일 대조
fortresses,40004990,성채,391,912,391,912,0,0,11,확인,raw11 중심 타일 대조
fortresses,40005000,성채,385,912,385,912,0,0,11,확인,raw11 중심 타일 대조
fortresses,40005010,성채,411,913,411,913,0,0,11,확인,raw11 중심 타일 대조
fortresses,40005030,성채,391,923,391,923,0,0,11,확인,raw11 중심 타일 대조
fortresses,40005040,성채,387,928,387,928,0,0,11,확인,raw11 중심 타일 대조
fortresses,40005050,성채,378,942,378,942,0,0,11,확인,raw11 중심 타일 대조
fortresses,40005080,성채,400,951,400,951,0,0,11,확인,raw11 중심 타일 대조
fortresses,40005090,성채,363,977,363,977,0,0,11,확인,raw11 중심 타일 대조
fortresses,40005110,성채,380,980,380,980,0,0,11,확인,raw11 중심 타일 대조
fortresses,40005150,성채,346,999,346,999,0,0,11,확인,raw11 중심 타일 대조
fortresses,40005180,성채,331,1005,331,1005,0,0,11,확인,raw11 중심 타일 대조
fortresses,40005200,성채,329,986,329,986,0,0,11,확인,raw11 중심 타일 대조
fortresses,40005220,성채,503,682,503,682,0,0,11,확인,raw11 중심 타일 대조
fortresses,40005230,성채,472,673,472,673,0,0,11,확인,raw11 중심 타일 대조
fortresses,40005240,성채,474,683,474,683,0,0,11,확인,raw11 중심 타일 대조
fortresses,40005260,성채,377,702,377,702,0,0,11,확인,raw11 중심 타일 대조
fortresses,40005270,성채,371,716,371,716,0,0,11,확인,raw11 중심 타일 대조
fortresses,40005280,성채,375,721,375,721,0,0,11,확인,raw11 중심 타일 대조
fortresses,40005300,성채,356,704,356,704,0,0,11,확인,raw11 중심 타일 대조
fortresses,40005320,성채,364,684,364,684,0,0,11,확인,raw11 중심 타일 대조
fortresses,40005330,성채,426,806,426,806,0,0,11,확인,raw11 중심 타일 대조
fortresses,40005340,성채,425,813,425,813,0,0,11,확인,raw11 중심 타일 대조
fortresses,40005350,성채,425,827,425,827,0,0,11,확인,raw11 중심 타일 대조
fortresses,40005360,성채,428,832,428,832,0,0,11,확인,raw11 중심 타일 대조
fortresses,40005370,성채,440,805,440,805,0,0,11,확인,raw11 중심 타일 대조
fortresses,40005380,성채,444,810,444,810,0,0,11,확인,raw11 중심 타일 대조
fortresses,40005390,성채,449,820,449,820,0,0,11,확인,raw11 중심 타일 대조
fortresses,40005400,성채,455,820,455,820,0,0,11,확인,raw11 중심 타일 대조
fortresses,40005420,성채,466,897,466,897,0,0,11,확인,raw11 중심 타일 대조
fortresses,40005430,성채,473,906,473,906,0,0,11,확인,raw11 중심 타일 대조
fortresses,40005440,성채,473,912,473,912,0,0,11,확인,raw11 중심 타일 대조
fortresses,40005460,성채,495,897,495,897,0,0,11,확인,raw11 중심 타일 대조
fortresses,40005470,성채,490,884,490,884,0,0,11,확인,raw11 중심 타일 대조
fortresses,40005480,성채,484,886,484,886,0,0,11,확인,raw11 중심 타일 대조
fortresses,40005500,성채,487,790,487,790,0,0,11,확인,raw11 중심 타일 대조
fortresses,40005510,성채,507,789,507,789,0,0,11,확인,raw11 중심 타일 대조
fortresses,40005550,성채,561,1305,561,1305,0,0,11,확인,raw11 중심 타일 대조
fortresses,40005580,성채,568,1288,568,1288,0,0,11,확인,raw11 중심 타일 대조
fortresses,40005590,성채,573,1299,573,1299,0,0,11,확인,raw11 중심 타일 대조
fortresses,40005620,성채,643,1266,643,1266,0,0,11,확인,raw11 중심 타일 대조
fortresses,40005630,성채,643,1279,643,1279,0,0,11,확인,raw11 중심 타일 대조
fortresses,40005660,성채,665,1257,665,1257,0,0,11,확인,raw11 중심 타일 대조
fortresses,40005670,성채,671,1270,671,1270,0,0,11,확인,raw11 중심 타일 대조
fortresses,40005680,성채,676,1273,676,1273,0,0,11,확인,raw11 중심 타일 대조
fortresses,40005690,성채,712,1236,712,1236,0,0,11,확인,raw11 중심 타일 대조
fortresses,40005710,성채,725,1251,725,1251,0,0,11,확인,raw11 중심 타일 대조
fortresses,40005720,성채,728,1256,728,1256,0,0,11,확인,raw11 중심 타일 대조
fortresses,40005740,성채,731,1236,731,1236,0,0,11,확인,raw11 중심 타일 대조
fortresses,40005760,성채,744,1253,744,1253,0,0,11,확인,raw11 중심 타일 대조
fortresses,40005780,성채,500,1239,500,1239,0,0,11,확인,raw11 중심 타일 대조
fortresses,40005800,성채,515,1252,515,1252,0,0,11,확인,raw11 중심 타일 대조
fortresses,40005820,성채,510,1272,510,1272,0,0,11,확인,raw11 중심 타일 대조
fortresses,40005840,성채,498,1283,498,1283,0,0,11,확인,raw11 중심 타일 대조
fortresses,40005880,성채,526,1280,526,1280,0,0,11,확인,raw11 중심 타일 대조
fortresses,40005910,성채,587,1224,587,1224,0,0,11,확인,raw11 중심 타일 대조
fortresses,40005920,성채,590,1229,590,1229,0,0,11,확인,raw11 중심 타일 대조
fortresses,40005930,성채,598,1205,598,1205,0,0,11,확인,raw11 중심 타일 대조
fortresses,40005950,성채,620,1209,620,1209,0,0,11,확인,raw11 중심 타일 대조
fortresses,40005960,성채,624,1204,624,1204,0,0,11,확인,raw11 중심 타일 대조
fortresses,40005970,성채,649,1174,649,1174,0,0,11,확인,raw11 중심 타일 대조
fortresses,40005990,성채,655,1190,655,1190,0,0,11,확인,raw11 중심 타일 대조
fortresses,40006000,성채,656,1196,656,1196,0,0,11,확인,raw11 중심 타일 대조
fortresses,40006010,성채,691,1184,691,1184,0,0,11,확인,raw11 중심 타일 대조
fortresses,40006030,성채,710,1181,710,1181,0,0,11,확인,raw11 중심 타일 대조
fortresses,40006050,성채,724,1196,724,1196,0,0,11,확인,raw11 중심 타일 대조
fortresses,40006090,성채,791,1221,791,1221,0,0,11,확인,raw11 중심 타일 대조
fortresses,40006110,성채,805,1234,805,1234,0,0,11,확인,raw11 중심 타일 대조
fortresses,40006130,성채,800,1208,800,1208,0,0,11,확인,raw11 중심 타일 대조
fortresses,40006150,성채,813,1223,813,1223,0,0,11,확인,raw11 중심 타일 대조
fortresses,40006160,성채,816,1228,816,1228,0,0,11,확인,raw11 중심 타일 대조
fortresses,40006170,성채,859,1209,859,1209,0,0,11,확인,raw11 중심 타일 대조
fortresses,40006350,성채,669,1149,669,1149,0,0,11,확인,raw11 중심 타일 대조
fortresses,40006360,성채,670,1156,670,1156,0,0,11,확인,raw11 중심 타일 대조
fortresses,40006390,성채,667,1136,667,1136,0,0,11,확인,raw11 중심 타일 대조
fortresses,40006400,성채,673,1136,673,1136,0,0,11,확인,raw11 중심 타일 대조
fortresses,40006410,성채,742,1099,742,1099,0,0,11,확인,raw11 중심 타일 대조
fortresses,40006430,성채,748,1096,748,1096,0,0,11,확인,raw11 중심 타일 대조
fortresses,40006450,성채,758,1086,758,1086,0,0,11,확인,raw11 중심 타일 대조
fortresses,40006490,성채,808,1019,808,1019,0,0,11,확인,raw11 중심 타일 대조
fortresses,40006520,성채,828,1009,828,1009,0,0,11,확인,raw11 중심 타일 대조
fortresses,40006530,성채,575,1194,575,1194,0,0,11,확인,raw11 중심 타일 대조
fortresses,40006560,성채,550,1193,550,1193,0,0,11,확인,raw11 중심 타일 대조
fortresses,40006570,성채,474,1176,474,1176,0,0,11,확인,raw11 중심 타일 대조
fortresses,40006610,성채,479,1156,479,1156,0,0,11,확인,raw11 중심 타일 대조
fortresses,40006650,성채,506,1149,506,1149,0,0,11,확인,raw11 중심 타일 대조
fortresses,40006690,성채,530,1114,530,1114,0,0,11,확인,raw11 중심 타일 대조
fortresses,40006700,성채,532,1120,532,1120,0,0,11,확인,raw11 중심 타일 대조
fortresses,40006720,성채,544,1133,544,1133,0,0,11,확인,raw11 중심 타일 대조
fortresses,40006740,성채,557,1119,557,1119,0,0,11,확인,raw11 중심 타일 대조
fortresses,40006760,성채,569,1099,569,1099,0,0,11,확인,raw11 중심 타일 대조
fortresses,40006770,성채,579,1104,579,1104,0,0,11,확인,raw11 중심 타일 대조
fortresses,40006780,성채,574,1108,574,1108,0,0,11,확인,raw11 중심 타일 대조
fortresses,40006800,성채,565,1130,565,1130,0,0,11,확인,raw11 중심 타일 대조
fortresses,40006810,성채,679,1075,679,1075,0,0,11,확인,raw11 중심 타일 대조
fortresses,40006820,성채,673,1078,673,1078,0,0,11,확인,raw11 중심 타일 대조
fortresses,40006840,성채,655,1088,655,1088,0,0,11,확인,raw11 중심 타일 대조
fortresses,40006850,성채,681,1055,681,1055,0,0,11,확인,raw11 중심 타일 대조
fortresses,40006860,성채,674,1054,674,1054,0,0,11,확인,raw11 중심 타일 대조
fortresses,40006880,성채,653,1045,653,1045,0,0,11,확인,raw11 중심 타일 대조
fortresses,40006890,성채,550,1006,550,1006,0,0,11,확인,raw11 중심 타일 대조
fortresses,40006900,성채,556,1005,556,1005,0,0,11,확인,raw11 중심 타일 대조
fortresses,40006920,성채,581,1016,581,1016,0,0,11,확인,raw11 중심 타일 대조
fortresses,40006930,성채,553,1018,553,1018,0,0,11,확인,raw11 중심 타일 대조
fortresses,40006940,성채,559,1022,559,1022,0,0,11,확인,raw11 중심 타일 대조
fortresses,40006950,성채,577,1031,577,1031,0,0,11,확인,raw11 중심 타일 대조
fortresses,40006970,성채,721,1002,721,1002,0,0,11,확인,raw11 중심 타일 대조
fortresses,40006980,성채,721,1011,721,1011,0,0,11,확인,raw11 중심 타일 대조
fortresses,40006990,성채,702,1003,702,1003,0,0,11,확인,raw11 중심 타일 대조
fortresses,40007010,성채,418,1221,418,1221,0,0,11,확인,raw11 중심 타일 대조
fortresses,40007020,성채,420,1228,420,1228,0,0,11,확인,raw11 중심 타일 대조
fortresses,40007030,성채,422,1244,422,1244,0,0,11,확인,raw11 중심 타일 대조
fortresses,40007050,성채,380,1279,380,1279,0,0,11,확인,raw11 중심 타일 대조
fortresses,40007060,성채,386,1282,386,1282,0,0,11,확인,raw11 중심 타일 대조
fortresses,40007070,성채,400,1277,400,1277,0,0,11,확인,raw11 중심 타일 대조
fortresses,40007080,성채,406,1281,406,1281,0,0,11,확인,raw11 중심 타일 대조
fortresses,40007090,성채,233,1281,233,1281,0,0,11,확인,raw11 중심 타일 대조
fortresses,40007100,성채,238,1285,238,1285,0,0,11,확인,raw11 중심 타일 대조
fortresses,40007120,성채,261,1292,261,1292,0,0,11,확인,raw11 중심 타일 대조
fortresses,40007130,성채,242,1254,242,1254,0,0,11,확인,raw11 중심 타일 대조
fortresses,40007140,성채,248,1256,248,1256,0,0,11,확인,raw11 중심 타일 대조
fortresses,40007160,성채,271,1268,271,1268,0,0,11,확인,raw11 중심 타일 대조
fortresses,40007170,성채,334,1212,334,1212,0,0,11,확인,raw11 중심 타일 대조
fortresses,40007180,성채,339,1217,339,1217,0,0,11,확인,raw11 중심 타일 대조
fortresses,40007200,성채,333,1234,333,1234,0,0,11,확인,raw11 중심 타일 대조
fortresses,40007240,성채,348,1208,348,1208,0,0,11,확인,raw11 중심 타일 대조
fortresses,40007260,성채,379,1232,379,1232,0,0,11,확인,raw11 중심 타일 대조
fortresses,40007280,성채,395,1217,395,1217,0,0,11,확인,raw11 중심 타일 대조
fortresses,40007300,성채,446,1108,446,1108,0,0,11,확인,raw11 중심 타일 대조
fortresses,40007310,성채,448,1120,448,1120,0,0,11,확인,raw11 중심 타일 대조
fortresses,40007320,성채,450,1126,450,1126,0,0,11,확인,raw11 중심 타일 대조
fortresses,40007340,성채,428,1115,428,1115,0,0,11,확인,raw11 중심 타일 대조
fortresses,40007350,성채,418,1128,418,1128,0,0,11,확인,raw11 중심 타일 대조
fortresses,40007360,성채,419,1135,419,1135,0,0,11,확인,raw11 중심 타일 대조
fortresses,40007390,성채,387,1153,387,1153,0,0,11,확인,raw11 중심 타일 대조
fortresses,40007400,성채,381,1149,381,1149,0,0,11,확인,raw11 중심 타일 대조
fortresses,40007410,성채,377,1170,377,1170,0,0,11,확인,raw11 중심 타일 대조
fortresses,40007450,성채,509,1004,509,1004,0,0,11,확인,raw11 중심 타일 대조
fortresses,40007460,성채,515,1001,515,1001,0,0,11,확인,raw11 중심 타일 대조
fortresses,40007470,성채,528,1004,528,1004,0,0,11,확인,raw11 중심 타일 대조
fortresses,40007480,성채,534,1007,534,1007,0,0,11,확인,raw11 중심 타일 대조
fortresses,40007490,성채,487,1048,487,1048,0,0,11,확인,raw11 중심 타일 대조
fortresses,40007500,성채,490,1043,490,1043,0,0,11,확인,raw11 중심 타일 대조
fortresses,40007530,성채,499,1066,499,1066,0,0,11,확인,raw11 중심 타일 대조
fortresses,40007540,성채,493,1065,493,1065,0,0,11,확인,raw11 중심 타일 대조
fortresses,40007570,성채,465,1086,465,1086,0,0,11,확인,raw11 중심 타일 대조
fortresses,40007580,성채,468,1092,468,1092,0,0,11,확인,raw11 중심 타일 대조
fortresses,40007600,성채,481,1108,481,1108,0,0,11,확인,raw11 중심 타일 대조
fortresses,40007610,성채,284,1061,284,1061,0,0,11,확인,raw11 중심 타일 대조
fortresses,40007620,성채,278,1058,278,1058,0,0,11,확인,raw11 중심 타일 대조
fortresses,40007640,성채,257,1050,257,1050,0,0,11,확인,raw11 중심 타일 대조
fortresses,40007680,성채,223,1147,223,1147,0,0,11,확인,raw11 중심 타일 대조
fortresses,40007720,성채,497,974,497,974,0,0,11,확인,raw11 중심 타일 대조
fortresses,40007750,성채,453,1000,453,1000,0,0,11,확인,raw11 중심 타일 대조
fortresses,40007760,성채,456,1005,456,1005,0,0,11,확인,raw11 중심 타일 대조
fortresses,40007770,성채,437,1014,437,1014,0,0,11,확인,raw11 중심 타일 대조
fortresses,40007790,성채,436,994,436,994,0,0,11,확인,raw11 중심 타일 대조
fortresses,40007800,성채,433,989,433,989,0,0,11,확인,raw11 중심 타일 대조
fortresses,40007810,성채,394,1018,394,1018,0,0,11,확인,raw11 중심 타일 대조
fortresses,40007830,성채,408,1031,408,1031,0,0,11,확인,raw11 중심 타일 대조
fortresses,40007840,성채,414,1034,414,1034,0,0,11,확인,raw11 중심 타일 대조
fortresses,40007850,성채,386,1032,386,1032,0,0,11,확인,raw11 중심 타일 대조
fortresses,40007870,성채,403,1044,403,1044,0,0,11,확인,raw11 중심 타일 대조
fortresses,40007880,성채,408,1047,408,1047,0,0,11,확인,raw11 중심 타일 대조
fortresses,40007910,성채,384,1077,384,1077,0,0,11,확인,raw11 중심 타일 대조
fortresses,40007930,성채,335,1083,335,1083,0,0,11,확인,raw11 중심 타일 대조
fortresses,40007950,성채,341,1102,341,1102,0,0,11,확인,raw11 중심 타일 대조
fortresses,40007960,성채,347,1106,347,1106,0,0,11,확인,raw11 중심 타일 대조
fortresses,40007970,성채,323,1089,323,1089,0,0,11,확인,raw11 중심 타일 대조
fortresses,40008000,성채,325,1113,325,1113,0,0,11,확인,raw11 중심 타일 대조
fortresses,40008010,성채,268,1109,268,1109,0,0,11,확인,raw11 중심 타일 대조
fortresses,40008030,성채,255,1127,255,1127,0,0,11,확인,raw11 중심 타일 대조
fortresses,40008050,성채,250,1193,250,1193,0,0,11,확인,raw11 중심 타일 대조
fortresses,40008060,성채,253,1188,253,1188,0,0,11,확인,raw11 중심 타일 대조
fortresses,40008070,성채,269,1182,269,1182,0,0,11,확인,raw11 중심 타일 대조
fortresses,40008090,성채,284,1195,284,1195,0,0,11,확인,raw11 중심 타일 대조
fortresses,40008100,성채,278,1199,278,1199,0,0,11,확인,raw11 중심 타일 대조
fortresses,40008120,성채,262,1216,262,1216,0,0,11,확인,raw11 중심 타일 대조
fortresses,40008140,성채,784,538,784,538,0,0,11,확인,raw11 중심 타일 대조
fortresses,40008160,성채,808,539,808,539,0,0,11,확인,raw11 중심 타일 대조
fortresses,40008170,성채,779,560,779,560,0,0,11,확인,raw11 중심 타일 대조
fortresses,40008180,성채,785,561,785,561,0,0,11,확인,raw11 중심 타일 대조
fortresses,40008190,성채,809,558,809,558,0,0,11,확인,raw11 중심 타일 대조
fortresses,40008200,성채,803,559,803,559,0,0,11,확인,raw11 중심 타일 대조
fortresses,40008230,성채,917,509,917,509,0,0,11,확인,raw11 중심 타일 대조
fortresses,40008240,성채,922,504,922,504,0,0,11,확인,raw11 중심 타일 대조
fortresses,40008250,성채,908,534,908,534,0,0,11,확인,raw11 중심 타일 대조
fortresses,40008280,성채,887,548,887,548,0,0,11,확인,raw11 중심 타일 대조
fortresses,40008290,성채,992,572,992,572,0,0,11,확인,raw11 중심 타일 대조
fortresses,40008310,성채,979,591,979,591,0,0,11,확인,raw11 중심 타일 대조
fortresses,40008320,성채,978,597,978,597,0,0,11,확인,raw11 중심 타일 대조
fortresses,40008330,성채,972,580,972,580,0,0,11,확인,raw11 중심 타일 대조
fortresses,40008340,성채,968,586,968,586,0,0,11,확인,raw11 중심 타일 대조
fortresses,40008350,성채,962,598,962,598,0,0,11,확인,raw11 중심 타일 대조
fortresses,40008360,성채,959,604,959,604,0,0,11,확인,raw11 중심 타일 대조
fortresses,40008370,성채,942,689,942,689,0,0,11,확인,raw11 중심 타일 대조
fortresses,40008380,성채,941,695,941,695,0,0,11,확인,raw11 중심 타일 대조
fortresses,40008400,성채,942,713,942,713,0,0,11,확인,raw11 중심 타일 대조
fortresses,40008410,성채,965,692,965,692,0,0,11,확인,raw11 중심 타일 대조
fortresses,40008420,성채,964,698,964,698,0,0,11,확인,raw11 중심 타일 대조
fortresses,40008440,성채,969,716,969,716,0,0,11,확인,raw11 중심 타일 대조
fortresses,40008450,성채,251,594,251,594,0,0,11,확인,raw11 중심 타일 대조
fortresses,40008480,성채,262,616,262,616,0,0,11,확인,raw11 중심 타일 대조
fortresses,40008550,성채,264,665,264,665,0,0,11,확인,raw11 중심 타일 대조
fortresses,40008560,성채,269,662,269,662,0,0,11,확인,raw11 중심 타일 대조
fortresses,40008570,성채,750,150,750,150,0,0,11,확인,raw11 중심 타일 대조
fortresses,40008620,성채,1018,138,1018,138,0,0,11,확인,raw11 중심 타일 대조
fortresses,40008630,성채,1375,512,1375,512,0,0,11,확인,raw11 중심 타일 대조
fortresses,40008640,성채,1365,513,1365,513,0,0,11,확인,raw11 중심 타일 대조
fortresses,40008660,성채,1390,617,1390,617,0,0,11,확인,raw11 중심 타일 대조
fortresses,40008670,성채,1379,790,1379,790,0,0,11,확인,raw11 중심 타일 대조
fortresses,40008680,성채,1389,791,1389,791,0,0,11,확인,raw11 중심 타일 대조
fortresses,40008700,성채,745,1320,745,1320,0,0,11,확인,raw11 중심 타일 대조
fortresses,40008710,성채,643,1370,643,1370,0,0,11,확인,raw11 중심 타일 대조
fortresses,40008720,성채,643,1359,643,1359,0,0,11,확인,raw11 중심 타일 대조
fortresses,40008730,성채,519,1371,519,1371,0,0,11,확인,raw11 중심 타일 대조
fortresses,40008740,성채,519,1360,519,1360,0,0,11,확인,raw11 중심 타일 대조
fortresses,40008760,성채,138,890,138,890,0,0,11,확인,raw11 중심 타일 대조
fortresses,40008770,성채,168,706,168,706,0,0,11,확인,raw11 중심 타일 대조
fortresses,40008780,성채,163,711,163,711,0,0,11,확인,raw11 중심 타일 대조
fortresses,40008800,성채,142,1010,142,1010,0,0,11,확인,raw11 중심 타일 대조
fortresses,40008810,성채,914,569,914,569,0,0,11,확인,raw11 중심 타일 대조
fortresses,40008820,성채,909,565,909,565,0,0,11,확인,raw11 중심 타일 대조
fortresses,40008840,성채,894,569,894,569,0,0,11,확인,raw11 중심 타일 대조
fortresses,40008860,성채,928,596,928,596,0,0,11,확인,raw11 중심 타일 대조
fortresses,40008880,성채,944,592,944,592,0,0,11,확인,raw11 중심 타일 대조
fortresses,40008900,성채,759,581,759,581,0,0,11,확인,raw11 중심 타일 대조
fortresses,40008980,성채,744,621,744,621,0,0,11,확인,raw11 중심 타일 대조
fortresses,40009010,성채,930,744,930,744,0,0,11,확인,raw11 중심 타일 대조
fortresses,40009020,성채,925,739,925,739,0,0,11,확인,raw11 중심 타일 대조
fortresses,40009030,성채,923,724,923,724,0,0,11,확인,raw11 중심 타일 대조
fortresses,40009040,성채,922,717,922,717,0,0,11,확인,raw11 중심 타일 대조
fortresses,40009060,성채,904,743,904,743,0,0,11,확인,raw11 중심 타일 대조
fortresses,40009070,성채,905,757,905,757,0,0,11,확인,raw11 중심 타일 대조
fortresses,40009080,성채,908,762,908,762,0,0,11,확인,raw11 중심 타일 대조
fortresses,40009090,성채,879,764,879,764,0,0,11,확인,raw11 중심 타일 대조
fortresses,40009120,성채,878,733,878,733,0,0,11,확인,raw11 중심 타일 대조
fortresses,40009130,성채,945,809,945,809,0,0,11,확인,raw11 중심 타일 대조
fortresses,40009140,성채,946,815,946,815,0,0,11,확인,raw11 중심 타일 대조
fortresses,40009150,성채,965,809,965,809,0,0,11,확인,raw11 중심 타일 대조
fortresses,40009160,성채,967,816,967,816,0,0,11,확인,raw11 중심 타일 대조
fortresses,40009170,성채,671,540,671,540,0,0,11,확인,raw11 중심 타일 대조
fortresses,40009180,성채,671,547,671,547,0,0,11,확인,raw11 중심 타일 대조
fortresses,40009200,성채,691,547,691,547,0,0,11,확인,raw11 중심 타일 대조
fortresses,40009210,성채,746,661,746,661,0,0,11,확인,raw11 중심 타일 대조
fortresses,40009220,성채,740,660,740,660,0,0,11,확인,raw11 중심 타일 대조
fortresses,40009240,성채,762,675,762,675,0,0,11,확인,raw11 중심 타일 대조
fortresses,40009250,성채,726,684,726,684,0,0,11,확인,raw11 중심 타일 대조
fortresses,40009260,성채,723,691,723,691,0,0,11,확인,raw11 중심 타일 대조
fortresses,40009280,성채,737,707,737,707,0,0,11,확인,raw11 중심 타일 대조
fortresses,40009290,성채,733,713,733,713,0,0,11,확인,raw11 중심 타일 대조
fortresses,40009320,성채,709,705,709,705,0,0,11,확인,raw11 중심 타일 대조
fortresses,40009370,성채,764,800,764,800,0,0,11,확인,raw11 중심 타일 대조
fortresses,40009400,성채,782,823,782,823,0,0,11,확인,raw11 중심 타일 대조
fortresses,40009440,성채,814,800,814,800,0,0,11,확인,raw11 중심 타일 대조
fortresses,40009460,성채,809,779,809,779,0,0,11,확인,raw11 중심 타일 대조
fortresses,40009470,성채,819,788,819,788,0,0,11,확인,raw11 중심 타일 대조
fortresses,40009480,성채,825,792,825,792,0,0,11,확인,raw11 중심 타일 대조
fortresses,40009530,성채,539,764,539,764,0,0,11,확인,raw11 중심 타일 대조
fortresses,40009570,성채,584,764,584,764,0,0,11,확인,raw11 중심 타일 대조
fortresses,40009580,성채,589,770,589,770,0,0,11,확인,raw11 중심 타일 대조
fortresses,40009590,성채,596,780,596,780,0,0,11,확인,raw11 중심 타일 대조
fortresses,40009600,성채,597,786,597,786,0,0,11,확인,raw11 중심 타일 대조
fortresses,40009610,성채,564,871,564,871,0,0,11,확인,raw11 중심 타일 대조
fortresses,40009620,성채,559,876,559,876,0,0,11,확인,raw11 중심 타일 대조
fortresses,40009640,성채,548,888,548,888,0,0,11,확인,raw11 중심 타일 대조
fortresses,40009650,성채,530,893,530,893,0,0,11,확인,raw11 중심 타일 대조
fortresses,40009660,성채,533,888,533,888,0,0,11,확인,raw11 중심 타일 대조
fortresses,40009680,성채,546,872,546,872,0,0,11,확인,raw11 중심 타일 대조
fortresses,40009690,성채,596,977,596,977,0,0,11,확인,raw11 중심 타일 대조
fortresses,40009720,성채,628,968,628,968,0,0,11,확인,raw11 중심 타일 대조
fortresses,40009780,성채,712,914,712,914,0,0,11,확인,raw11 중심 타일 대조
fortresses,40009860,성채,597,876,597,876,0,0,11,확인,raw11 중심 타일 대조
fortresses,40009900,성채,616,923,616,923,0,0,11,확인,raw11 중심 타일 대조
fortresses,40009910,성채,619,911,619,911,0,0,11,확인,raw11 중심 타일 대조
fortresses,40009920,성채,620,905,620,905,0,0,11,확인,raw11 중심 타일 대조
fortresses,40009940,성채,599,750,599,750,0,0,11,확인,raw11 중심 타일 대조
fortresses,40009950,성채,605,763,605,763,0,0,11,확인,raw11 중심 타일 대조
fortresses,40010080,성채,739,884,739,884,0,0,11,확인,raw11 중심 타일 대조
fortresses,40010090,성채,767,858,767,858,0,0,11,확인,raw11 중심 타일 대조
fortresses,40010100,성채,774,861,774,861,0,0,11,확인,raw11 중심 타일 대조
fortresses,40010120,성채,789,876,789,876,0,0,11,확인,raw11 중심 타일 대조
fortresses,40010150,성채,764,840,764,840,0,0,11,확인,raw11 중심 타일 대조
fortresses,40010160,성채,759,845,759,845,0,0,11,확인,raw11 중심 타일 대조
fortresses,40010170,성채,814,933,814,933,0,0,11,확인,raw11 중심 타일 대조
fortresses,40010190,성채,834,933,834,933,0,0,11,확인,raw11 중심 타일 대조
fortresses,40010230,성채,544,695,544,695,0,0,11,확인,raw11 중심 타일 대조
fortresses,40010260,성채,575,338,575,338,0,0,11,확인,raw11 중심 타일 대조
fortresses,40010280,성채,558,350,558,350,0,0,11,확인,raw11 중심 타일 대조
fortresses,40010290,성채,543,340,543,340,0,0,11,확인,raw11 중심 타일 대조
fortresses,40010300,성채,549,340,549,340,0,0,11,확인,raw11 중심 타일 대조
fortresses,40010330,성채,507,279,507,279,0,0,11,확인,raw11 중심 타일 대조
fortresses,40010340,성채,506,284,506,284,0,0,11,확인,raw11 중심 타일 대조
fortresses,40010380,성채,506,259,506,259,0,0,11,확인,raw11 중심 타일 대조
fortresses,40010440,성채,573,434,573,434,0,0,11,확인,raw11 중심 타일 대조
fortresses,40010450,성채,583,402,583,402,0,0,11,확인,raw11 중심 타일 대조
fortresses,40010530,성채,637,485,637,485,0,0,11,확인,raw11 중심 타일 대조
fortresses,40010540,성채,644,491,644,491,0,0,11,확인,raw11 중심 타일 대조
fortresses,40010550,성채,657,496,657,496,0,0,11,확인,raw11 중심 타일 대조
fortresses,40010560,성채,661,504,661,504,0,0,11,확인,raw11 중심 타일 대조
fortresses,40010570,성채,463,346,463,346,0,0,11,확인,raw11 중심 타일 대조
fortresses,40010580,성채,469,348,469,348,0,0,11,확인,raw11 중심 타일 대조
fortresses,40010590,성채,483,354,483,354,0,0,11,확인,raw11 중심 타일 대조
fortresses,40010600,성채,490,355,490,355,0,0,11,확인,raw11 중심 타일 대조
fortresses,40010610,성채,511,409,511,409,0,0,11,확인,raw11 중심 타일 대조
fortresses,40010660,성채,420,234,420,234,0,0,11,확인,raw11 중심 타일 대조
fortresses,40010680,성채,440,237,440,237,0,0,11,확인,raw11 중심 타일 대조
fortresses,40010700,성채,450,289,450,289,0,0,11,확인,raw11 중심 타일 대조
fortresses,40010720,성채,469,296,469,296,0,0,11,확인,raw11 중심 타일 대조
fortresses,40010730,성채,597,514,597,514,0,0,11,확인,raw11 중심 타일 대조
fortresses,40010740,성채,604,518,604,518,0,0,11,확인,raw11 중심 타일 대조
fortresses,40010750,성채,608,530,608,530,0,0,11,확인,raw11 중심 타일 대조
fortresses,40010760,성채,607,536,607,536,0,0,11,확인,raw11 중심 타일 대조
fortresses,40010770,성채,576,558,576,558,0,0,11,확인,raw11 중심 타일 대조
fortresses,40010780,성채,579,564,579,564,0,0,11,확인,raw11 중심 타일 대조
fortresses,40010800,성채,596,568,596,568,0,0,11,확인,raw11 중심 타일 대조
fortresses,40010810,성채,502,428,502,428,0,0,11,확인,raw11 중심 타일 대조
fortresses,40010840,성채,518,453,518,453,0,0,11,확인,raw11 중심 타일 대조
fortresses,40010850,성채,372,248,372,248,0,0,11,확인,raw11 중심 타일 대조
fortresses,40010860,성채,367,243,367,243,0,0,11,확인,raw11 중심 타일 대조
fortresses,40010880,성채,349,250,349,250,0,0,11,확인,raw11 중심 타일 대조
fortresses,40010930,성채,322,334,322,334,0,0,11,확인,raw11 중심 타일 대조
fortresses,40010940,성채,330,334,330,334,0,0,11,확인,raw11 중심 타일 대조
fortresses,40010950,성채,340,341,340,341,0,0,11,확인,raw11 중심 타일 대조
fortresses,40010960,성채,345,347,345,347,0,0,11,확인,raw11 중심 타일 대조
fortresses,40010970,성채,333,318,333,318,0,0,11,확인,raw11 중심 타일 대조
fortresses,40011000,성채,349,341,349,341,0,0,11,확인,raw11 중심 타일 대조
fortresses,40011030,성채,368,313,368,313,0,0,11,확인,raw11 중심 타일 대조
fortresses,40011040,성채,372,319,372,319,0,0,11,확인,raw11 중심 타일 대조
fortresses,40011060,성채,273,362,273,362,0,0,11,확인,raw11 중심 타일 대조
fortresses,40011070,성채,270,380,270,380,0,0,11,확인,raw11 중심 타일 대조
fortresses,40011080,성채,270,386,270,386,0,0,11,확인,raw11 중심 타일 대조
fortresses,40011090,성채,519,641,519,641,0,0,11,확인,raw11 중심 타일 대조
fortresses,40011100,성채,519,634,519,634,0,0,11,확인,raw11 중심 타일 대조
fortresses,40011110,성채,507,628,507,628,0,0,11,확인,raw11 중심 타일 대조
fortresses,40011120,성채,500,624,500,624,0,0,11,확인,raw11 중심 타일 대조
fortresses,40011130,성채,503,604,503,604,0,0,11,확인,raw11 중심 타일 대조
fortresses,40011140,성채,507,610,507,610,0,0,11,확인,raw11 중심 타일 대조
fortresses,40011200,성채,412,576,412,576,0,0,11,확인,raw11 중심 타일 대조
fortresses,40011240,성채,400,601,400,601,0,0,11,확인,raw11 중심 타일 대조
fortresses,40011280,성채,318,577,318,577,0,0,11,확인,raw11 중심 타일 대조
fortresses,40011290,성채,317,563,317,563,0,0,11,확인,raw11 중심 타일 대조
fortresses,40011320,성채,293,568,293,568,0,0,11,확인,raw11 중심 타일 대조
fortresses,40011340,성채,232,522,232,522,0,0,11,확인,raw11 중심 타일 대조
fortresses,40011360,성채,235,508,235,508,0,0,11,확인,raw11 중심 타일 대조
fortresses,40011370,성채,222,501,222,501,0,0,11,확인,raw11 중심 타일 대조
fortresses,40011380,성채,220,508,220,508,0,0,11,확인,raw11 중심 타일 대조
fortresses,40011400,성채,220,527,220,527,0,0,11,확인,raw11 중심 타일 대조
fortresses,40011410,성채,419,530,419,530,0,0,11,확인,raw11 중심 타일 대조
fortresses,40011420,성채,413,531,413,531,0,0,11,확인,raw11 중심 타일 대조
fortresses,40011430,성채,400,532,400,532,0,0,11,확인,raw11 중심 타일 대조
fortresses,40011440,성채,399,538,399,538,0,0,11,확인,raw11 중심 타일 대조
fortresses,40011450,성채,347,500,347,500,0,0,11,확인,raw11 중심 타일 대조
fortresses,40011460,성채,354,502,354,502,0,0,11,확인,raw11 중심 타일 대조
fortresses,40011520,성채,549,602,549,602,0,0,11,확인,raw11 중심 타일 대조
fortresses,40011550,성채,570,573,570,573,0,0,11,확인,raw11 중심 타일 대조
fortresses,40011560,성채,562,568,562,568,0,0,11,확인,raw11 중심 타일 대조
fortresses,40011570,성채,275,478,275,478,0,0,11,확인,raw11 중심 타일 대조
fortresses,40011580,성채,268,474,268,474,0,0,11,확인,raw11 중심 타일 대조
fortresses,40011590,성채,265,464,265,464,0,0,11,확인,raw11 중심 타일 대조
fortresses,40011600,성채,272,462,272,462,0,0,11,확인,raw11 중심 타일 대조
fortresses,40011610,성채,246,440,246,440,0,0,11,확인,raw11 중심 타일 대조
fortresses,40011620,성채,241,446,241,446,0,0,11,확인,raw11 중심 타일 대조
fortresses,40011630,성채,239,461,239,461,0,0,11,확인,raw11 중심 타일 대조
fortresses,40011640,성채,243,467,243,467,0,0,11,확인,raw11 중심 타일 대조
fortresses,40011700,성채,407,415,407,415,0,0,11,확인,raw11 중심 타일 대조
fortresses,40011740,성채,409,430,409,430,0,0,11,확인,raw11 중심 타일 대조
fortresses,40011810,성채,417,512,417,512,0,0,11,확인,raw11 중심 타일 대조
fortresses,40011820,성채,410,510,410,510,0,0,11,확인,raw11 중심 타일 대조
fortresses,40011840,성채,439,523,439,523,0,0,11,확인,raw11 중심 타일 대조
fortresses,40011850,성채,1149,941,1149,941,0,0,11,확인,raw11 중심 타일 대조
fortresses,40011860,성채,1154,947,1154,947,0,0,11,확인,raw11 중심 타일 대조
fortresses,40011880,성채,1167,936,1167,936,0,0,11,확인,raw11 중심 타일 대조
fortresses,40011890,성채,1157,978,1157,978,0,0,11,확인,raw11 중심 타일 대조
fortresses,40011920,성채,1175,959,1175,959,0,0,11,확인,raw11 중심 타일 대조
fortresses,40011930,성채,1219,976,1219,976,0,0,11,확인,raw11 중심 타일 대조
fortresses,40011950,성채,1228,991,1228,991,0,0,11,확인,raw11 중심 타일 대조
fortresses,40011960,성채,1224,995,1224,995,0,0,11,확인,raw11 중심 타일 대조
fortresses,40011990,성채,1239,977,1239,977,0,0,11,확인,raw11 중심 타일 대조
fortresses,40012000,성채,1234,972,1234,972,0,0,11,확인,raw11 중심 타일 대조
fortresses,40012010,성채,981,875,981,875,0,0,11,확인,raw11 중심 타일 대조
fortresses,40012090,성채,1069,927,1069,927,0,0,11,확인,raw11 중심 타일 대조
fortresses,40012100,성채,1073,932,1073,932,0,0,11,확인,raw11 중심 타일 대조
fortresses,40012110,성채,1095,935,1095,935,0,0,11,확인,raw11 중심 타일 대조
fortresses,40012120,성채,1102,934,1102,934,0,0,11,확인,raw11 중심 타일 대조
fortresses,40012130,성채,1052,942,1052,942,0,0,11,확인,raw11 중심 타일 대조
fortresses,40012140,성채,1057,947,1057,947,0,0,11,확인,raw11 중심 타일 대조
fortresses,40012150,성채,1073,955,1073,955,0,0,11,확인,raw11 중심 타일 대조
fortresses,40012160,성채,1079,953,1079,953,0,0,11,확인,raw11 중심 타일 대조
fortresses,40012170,성채,970,895,970,895,0,0,11,확인,raw11 중심 타일 대조
fortresses,40012200,성채,972,920,972,920,0,0,11,확인,raw11 중심 타일 대조
fortresses,40012240,성채,950,926,950,926,0,0,11,확인,raw11 중심 타일 대조
fortresses,40012260,성채,1096,1009,1096,1009,0,0,11,확인,raw11 중심 타일 대조
fortresses,40012300,성채,1053,1005,1053,1005,0,0,11,확인,raw11 중심 타일 대조
fortresses,40012320,성채,1084,1022,1084,1022,0,0,11,확인,raw11 중심 타일 대조
fortresses,40012400,성채,1234,1074,1234,1074,0,0,11,확인,raw11 중심 타일 대조
fortresses,40012420,성채,1261,1070,1261,1070,0,0,11,확인,raw11 중심 타일 대조
fortresses,40012440,성채,1255,1089,1255,1089,0,0,11,확인,raw11 중심 타일 대조
fortresses,40012450,성채,1249,1155,1249,1155,0,0,11,확인,raw11 중심 타일 대조
fortresses,40012460,성채,1249,1162,1249,1162,0,0,11,확인,raw11 중심 타일 대조
fortresses,40012470,성채,1248,1178,1248,1178,0,0,11,확인,raw11 중심 타일 대조
fortresses,40012480,성채,1245,1184,1245,1184,0,0,11,확인,raw11 중심 타일 대조
fortresses,40012490,성채,1106,1062,1106,1062,0,0,11,확인,raw11 중심 타일 대조
fortresses,40012500,성채,1111,1067,1111,1067,0,0,11,확인,raw11 중심 타일 대조
fortresses,40012510,성채,1115,1083,1115,1083,0,0,11,확인,raw11 중심 타일 대조
fortresses,40012520,성채,1121,1086,1121,1086,0,0,11,확인,raw11 중심 타일 대조
fortresses,40012530,성채,1093,1082,1093,1082,0,0,11,확인,raw11 중심 타일 대조
fortresses,40012680,성채,1147,1215,1147,1215,0,0,11,확인,raw11 중심 타일 대조
fortresses,40012690,성채,1143,1173,1143,1173,0,0,11,확인,raw11 중심 타일 대조
fortresses,40012720,성채,1162,1193,1162,1193,0,0,11,확인,raw11 중심 타일 대조
fortresses,40012730,성채,1150,1167,1150,1167,0,0,11,확인,raw11 중심 타일 대조
fortresses,40012740,성채,1155,1172,1155,1172,0,0,11,확인,raw11 중심 타일 대조
fortresses,40012760,성채,1173,1175,1173,1175,0,0,11,확인,raw11 중심 타일 대조
fortresses,40012810,성채,904,960,904,960,0,0,11,확인,raw11 중심 타일 대조
fortresses,40012830,성채,903,979,903,979,0,0,11,확인,raw11 중심 타일 대조
fortresses,40012900,성채,989,1121,989,1121,0,0,11,확인,raw11 중심 타일 대조
fortresses,40012930,성채,990,1074,990,1074,0,0,11,확인,raw11 중심 타일 대조
fortresses,40012940,성채,990,1080,990,1080,0,0,11,확인,raw11 중심 타일 대조
fortresses,40013010,성채,1055,1239,1055,1239,0,0,11,확인,raw11 중심 타일 대조
fortresses,40013060,성채,1061,1284,1061,1284,0,0,11,확인,raw11 중심 타일 대조
fortresses,40013070,성채,1076,1280,1076,1280,0,0,11,확인,raw11 중심 타일 대조
fortresses,40013120,성채,1166,1271,1166,1271,0,0,11,확인,raw11 중심 타일 대조
fortresses,40013210,성채,976,1239,976,1239,0,0,11,확인,raw11 중심 타일 대조
fortresses,40013230,성채,987,1254,987,1254,0,0,11,확인,raw11 중심 타일 대조
fortresses,40013240,성채,991,1258,991,1258,0,0,11,확인,raw11 중심 타일 대조
fortresses,40013250,성채,982,1270,982,1270,0,0,11,확인,raw11 중심 타일 대조
fortresses,40013280,성채,966,1255,966,1255,0,0,11,확인,raw11 중심 타일 대조
fortresses,40013360,성채,890,1001,890,1001,0,0,11,확인,raw11 중심 타일 대조
fortresses,40013370,성채,932,1068,932,1068,0,0,11,확인,raw11 중심 타일 대조
fortresses,40013390,성채,938,1086,938,1086,0,0,11,확인,raw11 중심 타일 대조
fortresses,40013400,성채,937,1092,937,1092,0,0,11,확인,raw11 중심 타일 대조
fortresses,40013410,성채,910,1074,910,1074,0,0,11,확인,raw11 중심 타일 대조
fortresses,40013420,성채,910,1081,910,1081,0,0,11,확인,raw11 중심 타일 대조
fortresses,40013430,성채,913,1094,913,1094,0,0,11,확인,raw11 중심 타일 대조
fortresses,40013450,성채,600,1106,600,1106,0,0,11,확인,raw11 중심 타일 대조
fortresses,40013490,성채,712,1168,712,1168,0,0,11,확인,raw11 중심 타일 대조
fortresses,40013500,성채,718,1168,718,1168,0,0,11,확인,raw11 중심 타일 대조
fortresses,40013510,성채,726,1170,726,1170,0,0,11,확인,raw11 중심 타일 대조
fortresses,40013520,성채,732,1174,732,1174,0,0,11,확인,raw11 중심 타일 대조
fortresses,40013550,성채,407,849,407,849,0,0,11,확인,raw11 중심 타일 대조
fortresses,40013590,성채,302,737,302,737,0,0,11,확인,raw11 중심 타일 대조
fortresses,40013600,성채,307,738,307,738,0,0,11,확인,raw11 중심 타일 대조
fortresses,40013610,성채,729,284,729,284,0,0,11,확인,raw11 중심 타일 대조
fortresses,40013620,성채,736,284,736,284,0,0,11,확인,raw11 중심 타일 대조
fortresses,40013630,성채,739,293,739,293,0,0,11,확인,raw11 중심 타일 대조
fortresses,40013640,성채,745,293,745,293,0,0,11,확인,raw11 중심 타일 대조
fortresses,40013650,성채,850,383,850,383,0,0,11,확인,raw11 중심 타일 대조
fortresses,40013660,성채,856,385,856,385,0,0,11,확인,raw11 중심 타일 대조
fortresses,40013670,성채,857,395,857,395,0,0,11,확인,raw11 중심 타일 대조
fortresses,40013680,성채,864,394,864,394,0,0,11,확인,raw11 중심 타일 대조
fortresses,40013750,성채,1224,775,1224,775,0,0,11,확인,raw11 중심 타일 대조
fortresses,40013760,성채,1231,782,1231,782,0,0,11,확인,raw11 중심 타일 대조
